Registered On,month,Year,Site Name,State,Division,Range,Stage,Total Area Covered,Total Plant No,Plant Survived,Plant height,Current Year Expenditure,Total Monthly Expenditure,Expenditure All Year
14-01-2025,March,2020-21,,Maharashtra,Buldhana,Jalgaon Jamod,Advance Works,25,0,0,,372172,372172,372172
14-01-2025,March,2020-21,,Maharashtra,Buldhana,Jalgaon Jamod,Advance Works,25,0,0,,660532,660532,660532
14-01-2025,March,2020-21,,Maharashtra,Buldhana,Buldhana,Advance Works,25,0,0,,596700,596700,596700
14-01-2025,March,2020-21,,Maharashtra,Buldhana,Khamgaon,Advance Works,25,0,0,,608460,608460,608460
14-01-2025,March,2020-21,,Maharashtra,Buldhana,Mehkar,Advance Works,25,0,0,,509173,509173,509173
14-01-2025,March,2020-21,,Maharashtra,Buldhana,Deulgaon Raja,Advance Works,25,0,0,,505231,505231,505231
14-01-2025,March,2020-21,,Maharashtra,Buldhana,Deulgaon Raja,Advance Works,25,0,0,,600631,600631,600631
14-01-2025,March,2020-21,,Maharashtra,Buldhana,Motala,Advance Works,25,0,0,,600631,600631,600631
14-01-2025,March,2020-21,,Maharashtra,Buldhana,Motala,Advance Works,25,0,0,,551672,551672,551672
14-01-2025,March,2020-21,,Maharashtra,Buldhana,Ghatbori,Advance Works,25,0,0,,569137,569137,569137
11-01-2025,March,2023-24,,Maharashtra,Buldhana,Khamgaon,Advance Works,34.08,0,0,,1228381,1228381,1228381
11-01-2025,March,2023-24,,Maharashtra,Buldhana,Buldhana,Advance Works,10,0,0,,2994578,2994578,2994578
11-01-2025,March,2023-24,,Maharashtra,Buldhana,Deulgaon Raja,Advance Works,1,0,0,,82487,82487,82487
11-01-2025,March,2023-24,,Maharashtra,Buldhana,Ghatbori,Advance Works,27.26,0,0,,297251,297251,297251
11-01-2025,March,2023-24,,Maharashtra,Buldhana,Ghatbori,Advance Works,7.68,0,0,,124568,124568,124568
11-01-2025,March,2023-24,,Maharashtra,Buldhana,Ghatbori,Advance Works,18.06,0,0,,270230,270230,270230
11-01-2025,March,2023-24,,Maharashtra,Buldhana,Ghatbori,Advance Works,6.49,0,0,,109546,109546,109546
11-01-2025,March,2023-24,,Maharashtra,Buldhana,Ghatbori,Advance Works,119.08,0,0,,1480597,1480597,1480597
11-01-2025,March,2023-24,,Maharashtra,Buldhana,Motala,Advance Works,20,0,0,,1173609,1173609,1173609
11-01-2025,March,2023-24,,Maharashtra,Buldhana,Motala,Advance Works,30,0,0,,1866319,1866319,1866319
02-04-2026,March,2025-26,,Madhya Pradesh,Sagar North(T),Banda,Advance Works,30,0,0,,3545037,423736,3545037
02-04-2026,February,2025-26,,Madhya Pradesh,Sagar North(T),Banda,Advance Works,30,0,0,,3121301,519120,3121301
02-04-2026,January,2025-26,,Madhya Pradesh,Sagar North(T),Banda,Advance Works,30,0,0,,2602181,1293816,2602181
02-04-2026,December,2025-26,,Madhya Pradesh,Sagar North(T),Banda,Advance Works,30,0,0,,1308365,410959,1308365
02-04-2026,November,2025-26,,Madhya Pradesh,Sagar North(T),Banda,Advance Works,30,0,0,,897406,545502,897406
02-04-2026,October,2025-26,,Madhya Pradesh,Sagar North(T),Banda,Advance Works,30,0,0,,351904,345613,351904
02-04-2026,September,2025-26,,Madhya Pradesh,Sagar North(T),Banda,Advance Works,30,0,0,,6291,6291,6291
02-04-2026,March,2025-26,,Madhya Pradesh,Sagar North(T),Banda,Advance Works,50,0,0,,3690990,772064,3690990
02-04-2026,February,2025-26,,Madhya Pradesh,Sagar North(T),Banda,Advance Works,50,0,0,,2918926,1000333,2918926
02-04-2026,December,2025-26,,Madhya Pradesh,Sagar North(T),Banda,Advance Works,50,0,0,,1918593,573343,1918593
02-04-2026,November,2025-26,,Madhya Pradesh,Sagar North(T),Banda,Advance Works,50,0,0,,1345250,877197,1345250
02-04-2026,October,2025-26,,Madhya Pradesh,Sagar North(T),Banda,Advance Works,50,0,0,,468053,457568,468053
02-04-2026,September,2025-26,,Madhya Pradesh,Sagar North(T),Banda,Advance Works,50,0,0,,10485,10485,10485
02-04-2026,March,2025-26,,Madhya Pradesh,Sagar North(T),Banda,Advance Works,40,0,0,,4485223,326860,4485223
02-04-2026,February,2025-26,,Madhya Pradesh,Sagar North(T),Banda,Advance Works,40,0,0,,4158363,935211,4158363
02-04-2026,January,2025-26,,Madhya Pradesh,Sagar North(T),Banda,Advance Works,40,0,0,,3223152,754187,3223152
02-04-2026,December,2025-26,,Madhya Pradesh,Sagar North(T),Banda,Advance Works,40,0,0,,2468965,716864,2468965
02-04-2026,November,2025-26,,Madhya Pradesh,Sagar North(T),Banda,Advance Works,40,0,0,,1752101,1244365,1752101
02-04-2026,October,2025-26,,Madhya Pradesh,Sagar North(T),Banda,Advance Works,40,0,0,,507736,495154,507736
02-04-2026,September,2025-26,,Madhya Pradesh,Sagar North(T),Banda,Advance Works,60,0,0,,12582,12582,12582
02-04-2026,June,2025-26,,Telangana,Banswada,Gandhari,Maintenance-Gap Plantation,5,0,0,,18889,18889,554592
02-04-2026,October,2025-26,,Telangana,Banswada,Gandhari,Maintenance-Gap Plantation,5,0,0,,395652,395652,528452
02-04-2026,October,2025-26,,Telangana,Banswada,Gandhari,Maintenance-Gap Plantation,2,0,0,,18911,18911,514953
02-04-2026,October,2025-26,,Telangana,Banswada,Gandhari,Maintenance-Gap Plantation,5,0,0,,2400,2400,195918
02-04-2026,October,2025-26,,Telangana,Banswada,Gandhari,Maintenance-Gap Plantation,5,0,0,,3350,3350,159800
28-03-2026,March,2021-22,,Telangana,Peddapalli,Peddapalli,Advance Works,23,0,0,,156414,156414,163976
28-03-2026,March,2020-21,,Telangana,Peddapalli,Peddapalli,Advance Works,23,0,0,,182381,182381,202495
26-03-2026,March,2024-25,,Telangana,Peddapalli,Peddapalli,Advance Works,11,0,0,,137964,137964,316200
26-03-2026,March,2024-25,,Telangana,Peddapalli,Peddapalli,Advance Works,13,0,0,,326035,326035,358000
26-03-2026,March,2024-25,,Telangana,Peddapalli,Peddapalli,Advance Works,8,0,0,,232508,232508,241000
17-03-2026,March,2024-25,,Telangana,Peddapalli,Peddapalli,Advance Works,12.5,0,0,,260475,260475,279000
17-03-2026,March,2024-25,,Telangana,Peddapalli,Peddapalli,Advance Works,6,0,0,,200678,200678,209000
17-03-2026,March,2024-25,,Telangana,Peddapalli,Manthani,Advance Works,10,0,0,,40000,40000,78397
17-03-2026,March,2024-25,,Telangana,Peddapalli,Manthani,Advance Works,5,0,0,,44187,44187,45105
17-03-2026,March,2024-25,,Telangana,Peddapalli,Manthani,Advance Works,10,0,0,,209158,209158,416000
17-03-2026,March,2024-25,,Telangana,Peddapalli,Manthani,Advance Works,10,0,0,,317528,317528,432200
17-03-2026,March,2024-25,,Telangana,Peddapalli,Manthani,Advance Works,10,0,0,,374241,374241,425000
17-03-2026,March,2024-25,,Telangana,Peddapalli,Manthani,Advance Works,10,0,0,,418473,418473,431330
17-03-2026,September,2025-26,,Telangana,Amangal,Amangal,Fresh Planting,30,0,0,,561729,384231,4076343
17-03-2026,March,2024-25,,Telangana,Peddapalli,Manthani,Advance Works,10,0,0,,400835,400835,429727
02-04-2026,March,2025-26,,Sikkim,East Territorial,Kyongnosla,Fresh Planting,1,0,0,,999800,999800,999800
02-04-2026,March,2025-26,,Sikkim,East Territorial,Singtam,Maintenance-4th Weeding,0.65,500,150,4,17037,17037,17037
02-04-2026,October,2024-25,,Sikkim,East Territorial,Singtam,Maintenance-3 rd Weeding,0.65,500,200,3,17699,17699,17699
02-04-2026,November,2023-24,,Sikkim,East Territorial,Singtam,Fresh Planting,0.65,0,0,,135772,135772,135772
02-04-2026,March,2025-26,,Sikkim,East Territorial,Singtam,1st year 2nd Weeding,4.788,3500,2000,2,65717,65717,65717
02-04-2026,October,2024-25,,Sikkim,East Territorial,Singtam,Fresh Planting,4.788,0,0,,1201338,1201338,1201338
02-04-2026,March,2025-26,,Sikkim,East Territorial,Singtam,Maintenance-4th Weeding,0.518,500,150,5,3537,3537,3537
02-04-2026,October,2024-25,,Sikkim,East Territorial,Singtam,Maintenance-4th Weeding,0.518,500,150,4,3537,3537,3537
02-04-2026,November,2023-24,,Sikkim,East Territorial,Singtam,Maintenance-3 rd Weeding,0.518,500,150,3,6865,6865,6865
02-04-2026,September,2022-23,,Sikkim,East Territorial,Singtam,Maintenance-1 st Weeding,0.518,500,200,2,4152,4152,4152
02-04-2026,December,2021-22,,Sikkim,East Territorial,Singtam,Fresh Planting,0.518,0,0,,530157,530157,530157
31-03-2026,March,2025-26,,Sikkim,Gyalshing,Gyalshing,Fresh Planting,10,0,0,,680000,680000,680000
31-03-2026,March,2025-26,,Sikkim,Namchi,Namchi,Fresh Planting,27,0,0,,1329948,1329948,1329948
31-03-2026,February,2025-26,,Sikkim,Namchi,Namchi,Fresh Planting,18,0,0,,600000,600000,600000
31-03-2026,March,2025-26,,Sikkim,Namchi,Namchi,Fresh Planting,3,0,0,,100000,100000,100000
30-03-2026,March,2025-26,,Sikkim,East Territorial,Singtam,Maintenance-3 rd Weeding,1.45,1500,500,5,10104,10104,10104
30-03-2026,March,2025-26,,Sikkim,East Territorial,Singtam,Maintenance-4th Weeding,5.724,2200,1500,7,82831,82831,82831
30-03-2026,March,2025-26,,Sikkim,West Territorial,Tashiding,Maintenance-2 nd Weeding,10,4000,2500,4,103000,103000,103000
29-03-2026,March,2025-26,,Sikkim,East Territorial,Singtam,Maintenance-4th Weeding,0.884,800,200,6,6250,6250,6250
29-03-2026,March,2025-26,,Sikkim,East Territorial,Singtam,Maintenance-4th Weeding,2.26,2600,500,6,16163,16163,16163
07-08-2024,October,2024-25,,Gujarat,Bariya,Sarjumi,Advance Works,35,0,0,,409582,205420,409582
07-08-2024,December,2024-25,,Gujarat,Bariya,Sarjumi,Advance Works,35,0,0,,278233,278233,278233
07-08-2024,January,2024-25,,Gujarat,Bariya,Sarjumi,Advance Works,35,0,0,,220050,220050,220050
07-08-2024,January,2024-25,,Gujarat,Bariya,Sarjumi,Advance Works,35,0,0,,299070,299070,299070
07-08-2024,January,2024-25,,Gujarat,Bariya,Sarjumi,Advance Works,35,0,0,,298231,298231,298231
07-08-2024,January,2024-25,,Gujarat,Bariya,Sarjumi,Advance Works,35,0,0,,296552,296552,296552
07-08-2024,January,2024-25,,Gujarat,Bariya,Sarjumi,Advance Works,35,0,0,,209351,209351,209351
07-08-2024,January,2024-25,,Gujarat,Bariya,Sarjumi,Advance Works,35,0,0,,204907,204907,204907
07-08-2024,January,2024-25,,Gujarat,Bariya,Sarjumi,Fencing,35,0,0,,282526,282526,282526
07-08-2024,January,2024-25,,Gujarat,Bariya,Sarjumi,Fencing,35,0,0,,275091,275091,275091
07-08-2024,January,2024-25,,Gujarat,Bariya,Sarjumi,Fencing,35,0,0,,260222,260222,260222
07-08-2024,January,2024-25,,Gujarat,Bariya,Sarjumi,Fencing,35,0,0,,156133,156133,156133
07-08-2024,January,2024-25,,Gujarat,Bariya,Sarjumi,Fencing,35,0,0,,141263,141263,141263
07-08-2024,December,2024-25,,Gujarat,Bariya,Sarjumi,Advance Works,35,0,0,,280455,280455,280455
06-08-2024,December,2024-25,,Gujarat,Bariya,Sarjumi,Advance Works,35,0,0,,298231,298231,298231
06-08-2024,December,2024-25,,Gujarat,Bariya,Sarjumi,Advance Works,35,0,0,,220050,220050,220050
16-10-2023,September,2023-24,,Gujarat,Chhota Udepur,Jetpur pavi,Advance Works,25,0,0,,787215,884498,1671713
16-10-2023,July,2023-24,,Gujarat,Chhota Udepur,Jetpur pavi,Advance Works,25,0,0,,15574,631421,787215
16-10-2023,June,2023-24,,Gujarat,Chhota Udepur,Jetpur pavi,Advance Works,25,0,0,,155794,155794,155794
05-08-2023,March,2022-23,,Gujarat,Bariya,Zalod,Fencing,25,0,0,,267656,267656,267656
11-10-2024,December,2018-19,,Himachal Pradesh,GHNP,WL Jiwanal,Fresh Planting,12,0,0,,780745,780745,780745
03-11-2023,March,2022-23,,Himachal Pradesh,Nachan,Thachi,Fresh Planting,9,0,0,,504000,504000,504000
29-09-2021,August,2021-22,,Himachal Pradesh,Una,Una,Maintenance-Gap Plantation,5.05,0,0,,45900,45900,45900
29-09-2021,August,2020-21,,Himachal Pradesh,Una,Una,Fresh Planting,5.05,0,0,,397132,397132,397132
21-02-2021,August,2018-19,,Himachal Pradesh,Una,Una,Maintenance-Gap Plantation,4,0,0,,9600,9600,9600
21-02-2021,August,2017-18,,Himachal Pradesh,Una,Una,Maintenance-Gap Plantation,4,0,0,,9000,9000,9000
21-02-2021,August,2016-17,,Himachal Pradesh,Una,Una,Maintenance-Gap Plantation,4,0,0,,22000,22000,22000
21-02-2021,August,2015-16,,Himachal Pradesh,Una,Una,Maintenance-Gap Plantation,4,0,0,,29400,29400,29400
21-02-2021,August,2020-21,,Himachal Pradesh,Una,Bangana,Maintenance-Gap Plantation,10,0,0,,27700,27700,27700
21-02-2021,August,2018-19,,Himachal Pradesh,Una,Bangana,Maintenance-Gap Plantation,10,0,0,,24000,24000,24000
21-02-2021,August,2017-18,,Himachal Pradesh,Una,Bangana,Maintenance-Gap Plantation,10,0,0,,22500,22500,22500
21-02-2021,August,2016-17,,Himachal Pradesh,Una,Bangana,Maintenance-Gap Plantation,10,0,0,,20000,20000,20000
21-02-2021,August,2015-16,,Himachal Pradesh,Una,Bangana,Maintenance-Gap Plantation,10,0,0,,30000,30000,30000
21-02-2021,August,2014-15,,Himachal Pradesh,Una,Bangana,Maintenance-Gap Plantation,10,0,0,,57643,57643,57643
21-02-2021,August,2020-21,,Himachal Pradesh,Una,Bangana,Maintenance-Gap Plantation,12,0,0,,33240,33240,33240
21-02-2021,August,2018-19,,Himachal Pradesh,Una,Bangana,Maintenance-Gap Plantation,12,0,0,,28800,28800,28800
21-02-2021,August,2017-18,,Himachal Pradesh,Una,Bangana,Maintenance-Gap Plantation,12,0,0,,28800,28800,28800
21-02-2021,August,2016-17,,Himachal Pradesh,Una,Bangana,Maintenance-Gap Plantation,12,0,0,,24000,24000,24000
21-02-2021,August,2015-16,,Himachal Pradesh,Una,Bangana,Maintenance-Gap Plantation,12,0,0,,36000,36000,36000
21-02-2021,August,2014-15,,Himachal Pradesh,Una,Bangana,Maintenance-Gap Plantation,12,0,0,,69080,69080,69080
10-09-2021,September,2018-19,,Punjab,Rupnagar,Rupnagar,Digging of Pits,0.008,0,0,,200341,200341,200341
09-09-2021,September,2018-19,,Punjab,Rupnagar,Rupnagar,Fencing,47.088,0,0,,15892200,15892200,15892200
09-09-2021,September,2017-18,,Punjab,Rupnagar,Rupnagar,Fresh Planting,0.023,0,0,,112601,112601,112601
11-08-2021,July,2018-19,,Punjab,SAS Nagar,Siswan,Advance Works,10,0,0,,3300,3300,3300
02-03-2021,July,2020-21,,Punjab,Rupnagar,Rupnagar,Fresh Planting,10,0,0,,628640,52386,628640
02-03-2021,July,2020-21,,Punjab,Rupnagar,Rupnagar,Fresh Planting,20,0,0,,1257280,104773,1257280
02-03-2021,July,2020-21,,Punjab,Rupnagar,Rupnagar,Fresh Planting,10,0,0,,628640,52386,628640
01-03-2021,July,2020-21,,Punjab,Rupnagar,Rupnagar,Fresh Planting,10,0,0,,628640,52386,628640
01-03-2021,July,2020-21,,Punjab,Rupnagar,Rupnagar,Fresh Planting,10,0,0,,628640,52386,628640
01-03-2021,July,2020-21,,Punjab,Rupnagar,Rupnagar,Fresh Planting,20,0,0,,1257280,104773,1257280
01-03-2021,July,2020-21,,Punjab,Rupnagar,Rupnagar,Fresh Planting,20,0,0,,1257280,104773,1257280
01-03-2021,July,2020-21,,Punjab,Rupnagar,Rupnagar,Fresh Planting,10,0,0,,628640,52386,628640
26-02-2021,July,2019-20,,Punjab,Rupnagar,Rupnagar,1st year Gap Plantation,5,2500,2500,2,226500,18875,226500
26-02-2021,July,2019-20,,Punjab,Rupnagar,Rupnagar,1st year Gap Plantation,7,3500,3500,2,214500,17875,214500
26-02-2021,July,2019-20,,Punjab,Rupnagar,Rupnagar,1st year Gap Plantation,8,4000,4000,2,242700,20225,242700
26-02-2021,January,2019-20,,Punjab,Rupnagar,Nurpurbedi,Digging of Pits,5,0,0,,20000,10000,50000
25-02-2021,July,2019-20,,Punjab,Rupnagar,Rupnagar,Fresh Planting,10,0,0,,10000,10000,10000
07-11-2013,July,2011-12,,Punjab,Dasuya,Talwara-1,Advance Works,1.862,0,0,,30000,20000,200000
16-02-2026,January,2025-26,,Odisha,Rourkela,Kuarmunda,Watch And Ward,50,0,0,,207900,23100,207900
16-02-2026,December,2025-26,,Odisha,Rourkela,Kuarmunda,Watch And Ward,50,0,0,,184800,46200,184800
16-02-2026,January,2025-26,,Odisha,Rourkela,Kuarmunda,Watch And Ward,50,0,0,,207900,23100,207900
16-02-2026,December,2025-26,,Odisha,Rourkela,Kuarmunda,Watch And Ward,50,0,0,,184800,46200,184800
16-02-2026,January,2025-26,,Odisha,Rourkela,Kuarmunda,Watch And Ward,50,0,0,,462700,23100,462700
16-02-2026,December,2025-26,,Odisha,Rourkela,Kuarmunda,Maintenance-Gap Plantation,50,0,0,,439600,231000,439600
16-02-2026,January,2025-26,,Odisha,Rourkela,Kuarmunda,Watch And Ward,50,0,0,,462700,462700,462700
16-02-2026,December,2025-26,,Odisha,Rourkela,Kuarmunda,Maintenance-Gap Plantation,50,0,0,,439600,231000,439600
16-02-2026,January,2025-26,,Odisha,Rourkela,Kuarmunda,Watch And Ward,50,0,0,,462700,23100,462700
16-02-2026,December,2025-26,,Odisha,Rourkela,Kuarmunda,Maintenance-Gap Plantation,50,0,0,,439600,231000,439600
13-02-2026,January,2025-26,,Odisha,Rourkela,Kuarmunda,Watch And Ward,5,0,0,,152015,3465,152015
13-02-2026,December,2025-26,,Odisha,Rourkela,Kuarmunda,Advance Works,5,0,0,,148550,105330,148550
13-02-2026,January,2025-26,,Odisha,Rourkela,Kuarmunda,Watch And Ward,20,0,0,,103950,11550,103950
13-02-2026,December,2025-26,,Odisha,Rourkela,Kuarmunda,Advance Works,20,0,0,,92400,23100,92400
13-02-2026,January,2025-26,,Odisha,Rourkela,Kuarmunda,Advance Works,50,0,0,,514225,94975,514225
13-02-2026,December,2025-26,,Odisha,Rourkela,Kuarmunda,Advance Works,50,0,0,,419250,419250,419250
13-02-2026,January,2025-26,,Odisha,Rourkela,Kuarmunda,Watch And Ward,50,0,0,,514225,23100,514225
13-02-2026,December,2025-26,,Odisha,Rourkela,Kuarmunda,Advance Works,50,0,0,,491125,231000,491125
13-02-2026,January,2025-26,,Odisha,Rourkela,Kuarmunda,Watch And Ward,70,0,0,,3466925,32340,3466925
13-02-2026,December,2025-26,,Odisha,Rourkela,Kuarmunda,Advance Works,70,0,0,,3434585,666666,3434585
08-02-2023,May,2021-22,,Meghalaya,"Chief Forest Officer, JHADC, Jowai",Jowai Range,Advance Works,75,0,0,,2256120,2256120,2256120
07-02-2023,October,2021-22,,Meghalaya,"Chief Forest Officer, JHADC, Jowai",Jowai Range,Advance Works,34,0,0,,1383120,1383120,1383120
07-02-2023,October,2021-22,,Meghalaya,"Chief Forest Officer, JHADC, Jowai",Jowai Range,Advance Works,7,0,0,,284760,284760,284760
07-02-2023,October,2021-22,,Meghalaya,"Chief Forest Officer, JHADC, Jowai",Jowai Range,Advance Works,22,0,0,,894960,894960,894960
07-02-2023,October,2021-22,,Meghalaya,"Chief Forest Officer, JHADC, Jowai",Jowai Range,Advance Works,13,0,0,,528840,528840,528840
07-02-2023,October,2021-22,,Meghalaya,"Chief Forest Officer, JHADC, Jowai",Jowai Range,Advance Works,4,0,0,,162720,162720,162720
07-02-2023,October,2021-22,,Meghalaya,"Chief Forest Officer, JHADC, Jowai",Jowai Range,Advance Works,13,0,0,,528840,528840,528840
07-02-2023,October,2021-22,,Meghalaya,"Chief Forest Officer, JHADC, Jowai",Jowai Range,Advance Works,7,0,0,,284760,284760,284760
30-10-2021,March,2018-19,,Meghalaya,"Jaintia Hills (SF) Division, Jowai",Amlarem Range,Maintenance-Gap Plantation,10,0,0,,64800,64800,64800
30-10-2021,March,2020-21,,Meghalaya,"Jaintia Hills (SF) Division, Jowai",Amlarem Range,Advance Works,20,0,0,,310866,310866,310866
30-10-2021,March,2020-21,,Meghalaya,"Jaintia Hills (SF) Division, Jowai",Amlarem Range,Fresh Planting,10,0,0,,51840,51840,51840
29-10-2021,August,2014-15,,Meghalaya,"North Khasi Hills (SF) Division, Nongpoh",Umsning Range,Advance Works,10,0,0,,268800,268800,268800
29-10-2021,August,2015-16,,Meghalaya,"North Khasi Hills (SF) Division, Nongpoh",Kyrdemkulai Range,Advance Works,10,0,0,,179000,179000,179000
29-10-2021,August,2016-17,,Meghalaya,"North Khasi Hills (SF) Division, Nongpoh",SF Byrni Range,Advance Works,10,0,0,,179000,179000,179000
29-10-2021,August,2015-16,,Meghalaya,"North Khasi Hills (SF) Division, Nongpoh",SF Nongpoh Range,Advance Works,10,0,0,,179000,179000,179000
29-10-2021,August,2014-15,,Meghalaya,"North Khasi Hills (SF) Division, Nongpoh",Umsning Range,Advance Works,10,0,0,,179200,179200,179200
29-10-2021,March,2020-21,,Meghalaya,"Jaintia Hills (SF) Division, Jowai",Jowai Range,Watch And Ward,25,0,0,,194400,194400,194400
29-10-2021,March,2020-21,,Meghalaya,"Jaintia Hills (SF) Division, Jowai",Jowai Range,Advance Works,100,0,0,,1865371,1865371,1865371
29-10-2021,March,2020-21,,Meghalaya,"Jaintia Hills (SF) Division, Jowai",Jowai Range,Fresh Planting,10,0,0,,51840,51840,51840
29-10-2021,March,2020-21,,Meghalaya,"Jaintia Hills (SF) Division, Jowai",Jowai Range,Maintenance-Gap Plantation,10,0,0,,64800,64800,64800
22-11-2025,March,2024-25,,Rajasthan,DCF Karauli Wildlife,RANGE MANDRAYAL,1st year Gap Plantation,50,10000,6500,6,196573,21537,3199023
22-11-2025,January,2024-25,,Rajasthan,DCF Karauli Wildlife,RANGE MANDRAYAL,1st year Gap Plantation,50,10000,7000,5.5,196573,36907,3199023
22-11-2025,December,2024-25,,Rajasthan,DCF Karauli Wildlife,RANGE MANDRAYAL,1st year Gap Plantation,50,10000,7000,5,196573,20843,3199023
22-11-2025,October,2024-25,,Rajasthan,DCF Karauli Wildlife,RANGE MANDRAYAL,1st year Gap Plantation,50,10000,7000,5,196573,30199,3199023
22-11-2025,September,2024-25,,Rajasthan,DCF Karauli Wildlife,RANGE MANDRAYAL,1st year Gap Plantation,50,10000,7000,5,196573,17543,3199023
22-11-2025,August,2024-25,,Rajasthan,DCF Karauli Wildlife,RANGE MANDRAYAL,1st year Gap Plantation,50,10000,7000,4.5,196573,33670,3199023
22-11-2025,July,2024-25,,Rajasthan,DCF Karauli Wildlife,RANGE MANDRAYAL,1st year Gap Plantation,50,10000,7000,4,196573,35874,3199023
22-11-2025,December,2023-24,,Rajasthan,DCF Karauli Wildlife,RANGE MANDRAYAL,Fresh Planting,50,0,0,,577747,14820,3199023
22-11-2025,November,2023-24,,Rajasthan,DCF Karauli Wildlife,RANGE MANDRAYAL,Fresh Planting,50,0,0,,577747,46138,3199023
22-11-2025,October,2023-24,,Rajasthan,DCF Karauli Wildlife,RANGE MANDRAYAL,Fresh Planting,50,0,0,,577747,98599,3199023
22-11-2025,September,2023-24,,Rajasthan,DCF Karauli Wildlife,RANGE MANDRAYAL,Fresh Planting,50,0,0,,577747,87863,3199023
22-11-2025,August,2023-24,,Rajasthan,DCF Karauli Wildlife,RANGE MANDRAYAL,Fresh Planting,50,0,0,,577747,330327,3199023
22-11-2025,January,2022-23,,Rajasthan,DCF Karauli Wildlife,RANGE MANDRAYAL,Digging of Pits,50,0,0,,2357869,223936,3199023
22-11-2025,December,2022-23,,Rajasthan,DCF Karauli Wildlife,RANGE MANDRAYAL,Advance Works,50,0,0,,2357869,968530,3199023
22-11-2025,November,2022-23,,Rajasthan,DCF Karauli Wildlife,RANGE MANDRAYAL,Advance Works,50,0,0,,2357869,678455,3199023
22-11-2025,October,2022-23,,Rajasthan,DCF Karauli Wildlife,RANGE MANDRAYAL,Advance Works,50,0,0,,2357869,350325,3199023
21-11-2025,September,2025-26,,Rajasthan,DCF Karauli Wildlife,RANGE MANDRAYAL,1st year Gap Plantation,50,10000,7500,5,125130,56687,3192137
21-11-2025,August,2025-26,,Rajasthan,DCF Karauli Wildlife,RANGE MANDRAYAL,1st year Gap Plantation,50,10000,7500,4.5,125130,18150,3192137
21-11-2025,July,2025-26,,Rajasthan,DCF Karauli Wildlife,RANGE MANDRAYAL,1st year Gap Plantation,50,10000,7500,4,125130,50293,3192137
21-11-2025,March,2024-25,,Rajasthan,DCF Karauli Wildlife,RANGE MANDRAYAL,Fresh Planting,50,0,0,,559758,18343,3192137
19-11-2025,February,2023-24,,Uttar Pradesh,Social Forestry Division Barabanki,Haidergarh,Fresh Planting,2,0,0,,50000,100000,20000
17-07-2017,September,2010-11,,Uttar Pradesh,Social Forestry Division Azamgarh,Azamgarh,Fresh Planting,0.74,0,0,,2000,1200,440
18-09-2014,April,2012-13,,Uttar Pradesh,Social Forestry Division Mau,Doharighat,Fresh Planting,1.61,0,0,,10300,10300,48529
18-09-2014,December,2011-12,,Uttar Pradesh,Social Forestry Division Mau,Doharighat,Fresh Planting,1.61,0,0,,38229,11921,38229
18-09-2014,September,2011-12,,Uttar Pradesh,Social Forestry Division Mau,Doharighat,Fresh Planting,1.61,0,0,,26308,26308,26308
17-09-2014,March,2013-14,,Uttar Pradesh,Social Forestry Division Mau,Doharighat,Fresh Planting,1.18,0,0,,214700,14106,214700
17-09-2014,August,2013-14,,Uttar Pradesh,Social Forestry Division Mau,Doharighat,Fresh Planting,1.18,0,0,,200594,200594,200594
17-09-2014,December,2011-12,,Uttar Pradesh,Social Forestry Division Mau,Doharighat,Fresh Planting,1.09,0,0,,180670,9425,180670
17-09-2014,November,2011-12,,Uttar Pradesh,Social Forestry Division Mau,Doharighat,Fresh Planting,1.09,0,0,,171245,2237,171245
17-09-2014,October,2011-12,,Uttar Pradesh,Social Forestry Division Mau,Doharighat,Fresh Planting,1.09,0,0,,169008,700,169008
17-09-2014,September,2011-12,,Uttar Pradesh,Social Forestry Division Mau,Doharighat,Fresh Planting,1.09,0,0,,168308,42,168308
17-09-2014,June,2011-12,,Uttar Pradesh,Social Forestry Division Mau,Doharighat,Fresh Planting,0.09,0,0,,168266,168266,168266
16-09-2014,February,2011-12,,Uttar Pradesh,Social Forestry Division Mau,Ghosi,Fresh Planting,2.13,0,0,,404700,27317,404700
16-09-2014,September,2011-12,,Uttar Pradesh,Social Forestry Division Mau,Ghosi,Fresh Planting,2.13,0,0,,377383,156661,377383
16-09-2014,July,2011-12,,Uttar Pradesh,Social Forestry Division Mau,Ghosi,Fresh Planting,2.13,0,0,,220722,30009,220722
16-09-2014,June,2011-12,,Uttar Pradesh,Social Forestry Division Mau,Ghosi,Fresh Planting,0,0,0,,190713,57821,190713
16-09-2014,May,2011-12,,Uttar Pradesh,Social Forestry Division Mau,Ghosi,Fresh Planting,0,0,0,,132892,132892,132892
16-09-2014,September,2011-12,,Uttar Pradesh,Social Forestry Division Mau,Mau,Fresh Planting,0,0,0,,10625,2000,10625
16-09-2014,August,2011-12,,Uttar Pradesh,Social Forestry Division Mau,Mau,Fresh Planting,0.06,0,0,,8625,8625,8625
08-08-2014,July,2013-14,,Uttar Pradesh,Social Forestry Division Agra,Agra City,1st year Gap Plantation,1.2,10,5,1,15000,2000,20000
18-12-2025,August,2024-25,,Uttarakhand,"DFO , Nanda Devi national park","RO valley of flowers , NDNP",Watch And Ward,5,0,0,,10284,10284,10284
18-12-2025,August,2024-25,,Uttarakhand,"DFO , Nanda Devi national park","RO valley of flowers , NDNP",Watch And Ward,5,0,0,,41184,41184,41184
18-12-2025,August,2024-25,,Uttarakhand,"DFO , Nanda Devi national park","RO valley of flowers , NDNP",Watch And Ward,5,0,0,,41184,41184,41184
18-12-2025,August,2024-25,,Uttarakhand,"DFO , Nanda Devi national park","RO valley of flowers , NDNP",Watch And Ward,5,0,0,,10284,10284,10284
03-09-2025,January,2024-25,,Uttarakhand,"DFO , Nanda Devi national park","RO Joshimath , NDNP",Watch And Ward,10.203,0,0,,13024,13024,13024
03-09-2025,January,2024-25,Molta Civil,Uttarakhand,"DFO , Nanda Devi national park","RO Joshimath , NDNP",Watch And Ward,4.403,0,0,,4030,4030,4030
03-09-2025,January,2024-25,,Uttarakhand,"DFO , Nanda Devi national park","RO Joshimath , NDNP",Watch And Ward,4.793,0,0,,4387,4387,4387
02-09-2025,January,2024-25,,Uttarakhand,"DFO , Nanda Devi national park","RO Joshimath , NDNP",Watch And Ward,5.079,0,0,,4648,4648,4648
02-09-2025,January,2024-25,,Uttarakhand,"DFO , Nanda Devi national park","RO Joshimath , NDNP",Watch And Ward,3.222,0,0,,2949,2949,2949
02-09-2025,January,2024-25,,Uttarakhand,"DFO , Nanda Devi national park","RO Joshimath , NDNP",Watch And Ward,2.963,0,0,,2712,2712,2712
02-09-2025,January,2024-25,,Uttarakhand,"DFO , Nanda Devi national park","RO Joshimath , NDNP",Watch And Ward,1.61,0,0,,1473,1473,1473
02-09-2025,January,2024-25,,Uttarakhand,"DFO , Nanda Devi national park","RO Joshimath , NDNP",Watch And Ward,2.73,0,0,,2498,2498,2498
02-09-2025,January,2024-25,,Uttarakhand,"DFO , Nanda Devi national park","RO Joshimath , NDNP",Watch And Ward,4.793,0,0,,61366,61366,61366
02-09-2025,January,2024-25,,Uttarakhand,"DFO , Nanda Devi national park","RO Joshimath , NDNP",Watch And Ward,10,0,0,,70400,70400,70400
02-09-2025,January,2024-25,,Uttarakhand,"DFO , Nanda Devi national park","RO Joshimath , NDNP",Watch And Ward,10,0,0,,70400,70400,70400
01-09-2025,January,2024-25,,Uttarakhand,"DFO , Nanda Devi national park","RO Joshimath , NDNP",Watch And Ward,4.5,0,0,,36512,36512,36512
01-09-2025,January,2024-25,,Uttarakhand,"DFO , Nanda Devi national park","RO Joshimath , NDNP",Watch And Ward,8.5,0,0,,68968,68968,68968
01-09-2025,January,2024-25,,Uttarakhand,"DFO , Nanda Devi national park","RO Joshimath , NDNP",Watch And Ward,8,0,0,,64911,64911,64911
28-08-2025,September,2024-25,,Uttarakhand,"DFO , Nanda Devi national park","RO Joshimath , NDNP",Watch And Ward,10,0,0,,48576,48576,48576
27-08-2025,September,2024-25,,Uttarakhand,"DFO , Nanda Devi national park","RO Joshimath , NDNP",Watch And Ward,10,0,0,,48576,48576,48576
