record_id,organization_id,employee_id,employee_name,department,date,source_category,activity_type,quantity,unit,spend_inr,vendor,location,scope,notes
m-202510-001,11111111-1111-1111-1111-111111111111,aaaaaaaa-aaaa-aaaa-aaaa-aaaaaaaaaaaa,Sarah Chen,Operations,2025-10-03,Energy,electricity_grid_kwh,1305,kWh,0,State Grid,Mumbai,Scope 2,Main Mumbai office electricity usage
m-202510-002,11111111-1111-1111-1111-111111111111,eeeeeeee-eeee-eeee-eeee-eeeeeeeeeeee,Priya Desai,HR,2025-10-03,Energy,electricity_grid_kwh,606,kWh,0,State Grid,Delhi,Scope 2,Delhi branch electricity usage
m-202510-003,11111111-1111-1111-1111-111111111111,gggggggg-gggg-gggg-gggg-gggggggggggg,Meera Nair,Facilities,2025-10-03,Energy,electricity_grid_kwh,885,kWh,0,State Grid,Bangalore,Scope 2,Bangalore facility electricity usage
m-202510-004,11111111-1111-1111-1111-111111111111,bbbbbbbb-bbbb-bbbb-bbbb-bbbbbbbbbbbb,Ravi Kumar,Logistics,2025-10-08,Transport,diesel_liter,315,liter,0,HP Fuel,Pune,Scope 1,Fleet diesel consumption for logistics movement
m-202510-005,11111111-1111-1111-1111-111111111111,jjjjjjjj-jjjj-jjjj-jjjj-jjjjjjjjjjjj,Sanjay Gupta,Operations,2025-10-08,Transport,petrol_liter,114,liter,0,Shell,Mumbai,Scope 1,Company pool vehicles petrol usage
m-202510-006,11111111-1111-1111-1111-111111111111,dddddddd-dddd-dddd-dddd-dddddddddddd,Vikram Patel,Logistics,2025-10-08,Transport,cng_kg,104,kg,0,Mahanagar Gas,Pune,Scope 1,CNG forklifts and short-haul vans
m-202510-007,11111111-1111-1111-1111-111111111111,ffffffff-ffff-ffff-ffff-ffffffffffff,Nikhil Sharma,Sales,2025-10-12,Transport,flight_km_economy,1700,km,0,IndiGo,Bengaluru,Scope 3,Sales client travel economy class
m-202510-008,11111111-1111-1111-1111-111111111111,dddddddd-dddd-dddd-dddd-dddddddddddd,Vikram Patel,Logistics,2025-10-12,Transport,flight_km_economy,1140,km,0,IndiGo,Delhi,Scope 3,Logistics coordination travel economy class
m-202510-009,11111111-1111-1111-1111-111111111111,eeeeeeee-eeee-eeee-eeee-eeeeeeeeeeee,Priya Desai,HR,2025-10-12,Transport,rail_km,445,km,0,Indian Railways,Mumbai,Scope 3,Intercity conference rail travel
m-202510-010,11111111-1111-1111-1111-111111111111,iiiiiiii-iiii-iiii-iiii-iiiiiiiiiiii,Divya Verma,Marketing,2025-10-12,Transport,bus_km,345,km,0,Intercity Bus Service,Mumbai,Scope 3,Regional marketing events by bus
m-202510-011,11111111-1111-1111-1111-111111111111,cccccccc-cccc-cccc-cccc-cccccccccccc,Anita Shah,Facilities,2025-10-17,Waste,landfill_waste_kg,612,kg,0,City Waste Management,Mumbai,Scope 3,Mixed office waste to landfill
m-202510-012,11111111-1111-1111-1111-111111111111,gggggggg-gggg-gggg-gggg-gggggggggggg,Meera Nair,Facilities,2025-10-17,Waste,recycled_waste_kg,430,kg,0,Recycler Co,Bangalore,Scope 3,Segregated recyclables dispatched
m-202510-013,11111111-1111-1111-1111-111111111111,cccccccc-cccc-cccc-cccc-cccccccccccc,Anita Shah,Facilities,2025-10-17,Waste,paper_kg,203,kg,0,Paper Vendor,Mumbai,Scope 3,Paper consumption equivalent
m-202510-014,11111111-1111-1111-1111-111111111111,hhhhhhhh-hhhh-hhhh-hhhh-hhhhhhhhhhhh,Arun Iyer,Finance,2025-10-22,Purchases,purchased_goods_inr,198500,INR,198500,Supplier B,Chennai,Scope 3,"IT, finance and office equipment procurement"
m-202510-015,11111111-1111-1111-1111-111111111111,aaaaaaaa-aaaa-aaaa-aaaa-aaaaaaaaaaaa,Sarah Chen,Operations,2025-10-22,Purchases,purchased_goods_inr,148500,INR,148500,Supplier A,Mumbai,Scope 3,Operations consumables and maintenance purchases
m-202510-016,11111111-1111-1111-1111-111111111111,iiiiiiii-iiii-iiii-iiii-iiiiiiiiiiii,Divya Verma,Marketing,2025-10-26,Purchases,hotel_night,6,night,0,Hotel Group,Mumbai,Scope 3,Employee accommodation for events and meetings
m-202510-017,11111111-1111-1111-1111-111111111111,eeeeeeee-eeee-eeee-eeee-eeeeeeeeeeee,Priya Desai,HR,2025-10-26,Food,purchased_goods_inr,120000,INR,120000,FreshMenu Corporate,Mumbai,Scope 3,Employee cafeteria and catered meals
m-202510-018,11111111-1111-1111-1111-111111111111,cccccccc-cccc-cccc-cccc-cccccccccccc,Anita Shah,Facilities,2025-10-26,Food,purchased_goods_inr,31800,INR,31800,Metro Cash and Carry,Mumbai,Scope 3,Pantry supplies snacks and beverages
