record_id	organization_id	emitter_type	emitter_id	emitter_name	department	date	source_category	activity_type	quantity	unit	spend_inr	vendor	location	scope	notes
m-202508-001	11111111-1111-1111-1111-111111111111	facility	FAC-MUM-HQ	Mumbai HQ Campus	Operations	2025-08-03	Energy	electricity_grid_kwh	1265	kWh	0	State Grid	Mumbai	Scope 2	Main Mumbai office electricity usage
m-202508-002	11111111-1111-1111-1111-111111111111	facility	FAC-DEL-BR	Delhi Branch Office	HR	2025-08-03	Energy	electricity_grid_kwh	588	kWh	0	State Grid	Delhi	Scope 2	Delhi branch electricity usage
m-202508-003	11111111-1111-1111-1111-111111111111	facility	FAC-BLR-01	Bangalore Tech Center	Facilities	2025-08-03	Energy	electricity_grid_kwh	860	kWh	0	State Grid	Bangalore	Scope 2	Bangalore facility electricity usage
m-202508-004	11111111-1111-1111-1111-111111111111	machinery	FLEET-TRUCK-01	Logistics Heavy Fleet Truck #1	Logistics	2025-08-08	Transport	diesel_liter	280	liter	0	HP Fuel	Pune	Scope 1	Fleet diesel consumption for logistics movement
m-202508-005	11111111-1111-1111-1111-111111111111	machinery	POOL-VAN-03	Operations Pool Utility Van	Operations	2025-08-08	Transport	petrol_liter	101	liter	0	Shell	Mumbai	Scope 1	Company pool vehicles petrol usage
m-202508-006	11111111-1111-1111-1111-111111111111	machinery	FORKLIFT-CNG-02	Warehouse Forklift Unit 2	Logistics	2025-08-08	Transport	cng_kg	92	kg	0	Mahanagar Gas	Pune	Scope 1	CNG forklifts and short-haul vans
m-202508-007	11111111-1111-1111-1111-111111111111	employee	ffffffff-ffff-ffff-ffff-ffffffffffff	Nikhil Sharma	Sales	2025-08-12	Transport	flight_km_economy	1520	km	0	IndiGo	Bengaluru	Scope 3	Sales client travel economy class
m-202508-008	11111111-1111-1111-1111-111111111111	employee	dddddddd-dddd-dddd-dddd-dddddddddddd	Vikram Patel	Logistics	2025-08-12	Transport	flight_km_economy	1010	km	0	IndiGo	Delhi	Scope 3	Logistics coordination travel economy class
m-202508-009	11111111-1111-1111-1111-111111111111	employee	eeeeeeee-eeee-eeee-eeee-eeeeeeeeeeee	Priya Desai	HR	2025-08-12	Transport	rail_km	395	km	0	Indian Railways	Mumbai	Scope 3	Intercity conference rail travel
m-202508-010	11111111-1111-1111-1111-111111111111	employee	iiiiiiii-iiii-iiii-iiii-iiiiiiiiiiii	Divya Verma	Marketing	2025-08-12	Transport	bus_km	310	km	0	Intercity Bus Service	Mumbai	Scope 3	Regional marketing events by bus
m-202508-011	11111111-1111-1111-1111-111111111111	facility	FAC-MUM-HQ	Mumbai HQ Campus	Facilities	2025-08-17	Waste	landfill_waste_kg	560	kg	0	City Waste Management	Mumbai	Scope 3	Mixed office waste to landfill
m-202508-012	11111111-1111-1111-1111-111111111111	facility	FAC-BLR-01	Bangalore Tech Center	Facilities	2025-08-17	Waste	recycled_waste_kg	394	kg	0	Recycler Co	Bangalore	Scope 3	Segregated recyclables dispatched
m-202508-013	11111111-1111-1111-1111-111111111111	facility	FAC-MUM-HQ	Mumbai HQ Campus	Facilities	2025-08-17	Waste	paper_kg	186	kg	0	Paper Vendor	Mumbai	Scope 3	Paper consumption equivalent
m-202508-014	11111111-1111-1111-1111-111111111111	employee	hhhhhhhh-hhhh-hhhh-hhhh-hhhhhhhhhhhh	Arun Iyer	Finance	2025-08-22	Purchases	purchased_goods_inr	177000	INR	177000	Supplier B	Chennai	Scope 3	IT, finance and office equipment procurement
m-202508-015	11111111-1111-1111-1111-111111111111	employee	aaaaaaaa-aaaa-aaaa-aaaa-aaaaaaaaaaaa	Sarah Chen	Operations	2025-08-22	Purchases	purchased_goods_inr	132000	INR	132000	Supplier A	Mumbai	Scope 3	Operations consumables and maintenance purchases
m-202508-016	11111111-1111-1111-1111-111111111111	employee	iiiiiiii-iiii-iiii-iiii-iiiiiiiiiiii	Divya Verma	Marketing	2025-08-26	Purchases	hotel_night	5	night	0	Hotel Group	Mumbai	Scope 3	Employee accommodation for events and meetings
m-202508-017	11111111-1111-1111-1111-111111111111	employee	eeeeeeee-eeee-eeee-eeee-eeeeeeeeeeee	Priya Desai	HR	2025-08-26	Food	purchased_goods_inr	109000	INR	109000	FreshMenu Corporate	Mumbai	Scope 3	Employee cafeteria and catered meals
m-202508-018	11111111-1111-1111-1111-111111111111	employee	cccccccc-cccc-cccc-cccc-cccccccccccc	Anita Shah	Facilities	2025-08-26	Food	purchased_goods_inr	28900	INR	28900	Metro Cash and Carry	Mumbai	Scope 3	Pantry supplies snacks and beverages
