"record_id","organization_id","employee_id","employee_name","department","date","source_category","activity_type","quantity","unit","spend_inr","vendor","location","scope","notes"
"ext-0001","11111111-1111-1111-1111-111111111111","aaaaaaaa-aaaa-aaaa-aaaa-aaaaaaaaaaaa","Sarah Chen","Operations","2025-05-03","Energy","electricity_grid_kwh","1100","kWh","0","State Grid","Mumbai","Scope 2","Main office electricity 2025-5"
"ext-0002","11111111-1111-1111-1111-111111111111","eeeeeeee-eeee-eeee-eeee-eeeeeeeeeeee","Priya Desai","HR","2025-05-11","Energy","electricity_grid_kwh","540","kWh","0","State Grid","Delhi","Scope 2","Branch office electricity 2025-5"
"ext-0003","11111111-1111-1111-1111-111111111111","bbbbbbbb-bbbb-bbbb-bbbb-bbbbbbbbbbbb","Ravi Kumar","Logistics","2025-05-05","Transport","diesel_liter","260","liter","0","HP Fuel","Pune","Scope 1","Fleet diesel usage month 2025-5"
"ext-0004","11111111-1111-1111-1111-111111111111","jjjjjjjj-jjjj-jjjj-jjjj-jjjjjjjjjjjj","Sanjay Gupta","Operations","2025-05-08","Transport","petrol_liter","95","liter","0","Shell","Mumbai","Scope 1","Pool vehicle petrol month 2025-5"
"ext-0005","11111111-1111-1111-1111-111111111111","ffffffff-ffff-ffff-ffff-ffffffffffff","Nikhil Sharma","Sales","2025-05-15","Transport","flight_km_economy","1450","km","0","IndiGo","Bengaluru","Scope 3","Sales travel route month 2025-5"
"ext-0006","11111111-1111-1111-1111-111111111111","dddddddd-dddd-dddd-dddd-dddddddddddd","Vikram Patel","Logistics","2025-05-20","Transport","rail_km","360","km","0","Indian Railways","Pune","Scope 3","Rail coordination travel month 2025-5"
"ext-0007","11111111-1111-1111-1111-111111111111","cccccccc-cccc-cccc-cccc-cccccccccccc","Anita Shah","Facilities","2025-05-09","Waste","landfill_waste_kg","500","kg","0","City Waste Management","Mumbai","Scope 3","Landfill waste month 2025-5"
"ext-0008","11111111-1111-1111-1111-111111111111","gggggggg-gggg-gggg-gggg-gggggggggggg","Meera Nair","Facilities","2025-05-17","Waste","recycled_waste_kg","360","kg","0","Recycler Co","Bangalore","Scope 3","Recycled stream month 2025-5"
"ext-0009","11111111-1111-1111-1111-111111111111","hhhhhhhh-hhhh-hhhh-hhhh-hhhhhhhhhhhh","Arun Iyer","Finance","2025-05-12","Purchases","purchased_goods_inr","165000","INR","165000","Supplier B","Chennai","Scope 3","Procurement spend month 2025-5"
"ext-0010","11111111-1111-1111-1111-111111111111","iiiiiiii-iiii-iiii-iiii-iiiiiiiiiiii","Divya Verma","Marketing","2025-05-23","Purchases","hotel_night","5","night","0","Hotel Group","Mumbai","Scope 3","Event accommodation month 2025-5"
"ext-0011","11111111-1111-1111-1111-111111111111","aaaaaaaa-aaaa-aaaa-aaaa-aaaaaaaaaaaa","Sarah Chen","Operations","2025-05-25","Purchases","purchased_goods_inr","120000","INR","120000","Supplier A","Mumbai","Scope 3","Operational supplies month 2025-5"
"ext-0012","11111111-1111-1111-1111-111111111111","bbbbbbbb-bbbb-bbbb-bbbb-bbbbbbbbbbbb","Ravi Kumar","Logistics","2025-05-27","Waste","paper_kg","170","kg","0","Paper Vendor","Pune","Scope 3","Paper equivalent month 2025-5"
"ext-0013","11111111-1111-1111-1111-111111111111","aaaaaaaa-aaaa-aaaa-aaaa-aaaaaaaaaaaa","Sarah Chen","Operations","2025-06-03","Energy","electricity_grid_kwh","1145","kWh","0","State Grid","Mumbai","Scope 2","Main office electricity 2025-6"
"ext-0014","11111111-1111-1111-1111-111111111111","eeeeeeee-eeee-eeee-eeee-eeeeeeeeeeee","Priya Desai","HR","2025-06-11","Energy","electricity_grid_kwh","558","kWh","0","State Grid","Delhi","Scope 2","Branch office electricity 2025-6"
"ext-0015","11111111-1111-1111-1111-111111111111","bbbbbbbb-bbbb-bbbb-bbbb-bbbbbbbbbbbb","Ravi Kumar","Logistics","2025-06-05","Transport","diesel_liter","274","liter","0","HP Fuel","Pune","Scope 1","Fleet diesel usage month 2025-6"
"ext-0016","11111111-1111-1111-1111-111111111111","jjjjjjjj-jjjj-jjjj-jjjj-jjjjjjjjjjjj","Sanjay Gupta","Operations","2025-06-08","Transport","petrol_liter","99","liter","0","Shell","Mumbai","Scope 1","Pool vehicle petrol month 2025-6"
"ext-0017","11111111-1111-1111-1111-111111111111","ffffffff-ffff-ffff-ffff-ffffffffffff","Nikhil Sharma","Sales","2025-06-15","Transport","flight_km_economy","1520","km","0","IndiGo","Bengaluru","Scope 3","Sales travel route month 2025-6"
"ext-0018","11111111-1111-1111-1111-111111111111","dddddddd-dddd-dddd-dddd-dddddddddddd","Vikram Patel","Logistics","2025-06-20","Transport","rail_km","382","km","0","Indian Railways","Pune","Scope 3","Rail coordination travel month 2025-6"
"ext-0019","11111111-1111-1111-1111-111111111111","cccccccc-cccc-cccc-cccc-cccccccccccc","Anita Shah","Facilities","2025-06-09","Waste","landfill_waste_kg","516","kg","0","City Waste Management","Mumbai","Scope 3","Landfill waste month 2025-6"
"ext-0020","11111111-1111-1111-1111-111111111111","gggggggg-gggg-gggg-gggg-gggggggggggg","Meera Nair","Facilities","2025-06-17","Waste","recycled_waste_kg","372","kg","0","Recycler Co","Bangalore","Scope 3","Recycled stream month 2025-6"
"ext-0021","11111111-1111-1111-1111-111111111111","hhhhhhhh-hhhh-hhhh-hhhh-hhhhhhhhhhhh","Arun Iyer","Finance","2025-06-12","Purchases","purchased_goods_inr","172000","INR","172000","Supplier B","Chennai","Scope 3","Procurement spend month 2025-6"
"ext-0022","11111111-1111-1111-1111-111111111111","iiiiiiii-iiii-iiii-iiii-iiiiiiiiiiii","Divya Verma","Marketing","2025-06-23","Purchases","hotel_night","5","night","0","Hotel Group","Mumbai","Scope 3","Event accommodation month 2025-6"
"ext-0023","11111111-1111-1111-1111-111111111111","aaaaaaaa-aaaa-aaaa-aaaa-aaaaaaaaaaaa","Sarah Chen","Operations","2025-06-25","Purchases","purchased_goods_inr","124500","INR","124500","Supplier A","Mumbai","Scope 3","Operational supplies month 2025-6"
"ext-0024","11111111-1111-1111-1111-111111111111","bbbbbbbb-bbbb-bbbb-bbbb-bbbbbbbbbbbb","Ravi Kumar","Logistics","2025-06-27","Waste","paper_kg","179","kg","0","Paper Vendor","Pune","Scope 3","Paper equivalent month 2025-6"
"ext-0025","11111111-1111-1111-1111-111111111111","aaaaaaaa-aaaa-aaaa-aaaa-aaaaaaaaaaaa","Sarah Chen","Operations","2025-07-03","Energy","electricity_grid_kwh","1190","kWh","0","State Grid","Mumbai","Scope 2","Main office electricity 2025-7"
"ext-0026","11111111-1111-1111-1111-111111111111","eeeeeeee-eeee-eeee-eeee-eeeeeeeeeeee","Priya Desai","HR","2025-07-11","Energy","electricity_grid_kwh","576","kWh","0","State Grid","Delhi","Scope 2","Branch office electricity 2025-7"
"ext-0027","11111111-1111-1111-1111-111111111111","bbbbbbbb-bbbb-bbbb-bbbb-bbbbbbbbbbbb","Ravi Kumar","Logistics","2025-07-05","Transport","diesel_liter","288","liter","0","HP Fuel","Pune","Scope 1","Fleet diesel usage month 2025-7"
"ext-0028","11111111-1111-1111-1111-111111111111","jjjjjjjj-jjjj-jjjj-jjjj-jjjjjjjjjjjj","Sanjay Gupta","Operations","2025-07-08","Transport","petrol_liter","103","liter","0","Shell","Mumbai","Scope 1","Pool vehicle petrol month 2025-7"
"ext-0029","11111111-1111-1111-1111-111111111111","ffffffff-ffff-ffff-ffff-ffffffffffff","Nikhil Sharma","Sales","2025-07-15","Transport","flight_km_economy","1590","km","0","IndiGo","Bengaluru","Scope 3","Sales travel route month 2025-7"
"ext-0030","11111111-1111-1111-1111-111111111111","dddddddd-dddd-dddd-dddd-dddddddddddd","Vikram Patel","Logistics","2025-07-20","Transport","rail_km","404","km","0","Indian Railways","Pune","Scope 3","Rail coordination travel month 2025-7"
"ext-0031","11111111-1111-1111-1111-111111111111","cccccccc-cccc-cccc-cccc-cccccccccccc","Anita Shah","Facilities","2025-07-09","Waste","landfill_waste_kg","532","kg","0","City Waste Management","Mumbai","Scope 3","Landfill waste month 2025-7"
"ext-0032","11111111-1111-1111-1111-111111111111","gggggggg-gggg-gggg-gggg-gggggggggggg","Meera Nair","Facilities","2025-07-17","Waste","recycled_waste_kg","384","kg","0","Recycler Co","Bangalore","Scope 3","Recycled stream month 2025-7"
"ext-0033","11111111-1111-1111-1111-111111111111","hhhhhhhh-hhhh-hhhh-hhhh-hhhhhhhhhhhh","Arun Iyer","Finance","2025-07-12","Purchases","purchased_goods_inr","179000","INR","179000","Supplier B","Chennai","Scope 3","Procurement spend month 2025-7"
"ext-0034","11111111-1111-1111-1111-111111111111","iiiiiiii-iiii-iiii-iiii-iiiiiiiiiiii","Divya Verma","Marketing","2025-07-23","Purchases","hotel_night","6","night","0","Hotel Group","Mumbai","Scope 3","Event accommodation month 2025-7"
"ext-0035","11111111-1111-1111-1111-111111111111","aaaaaaaa-aaaa-aaaa-aaaa-aaaaaaaaaaaa","Sarah Chen","Operations","2025-07-25","Purchases","purchased_goods_inr","129000","INR","129000","Supplier A","Mumbai","Scope 3","Operational supplies month 2025-7"
"ext-0036","11111111-1111-1111-1111-111111111111","bbbbbbbb-bbbb-bbbb-bbbb-bbbbbbbbbbbb","Ravi Kumar","Logistics","2025-07-27","Waste","paper_kg","188","kg","0","Paper Vendor","Pune","Scope 3","Paper equivalent month 2025-7"
"ext-0037","11111111-1111-1111-1111-111111111111","aaaaaaaa-aaaa-aaaa-aaaa-aaaaaaaaaaaa","Sarah Chen","Operations","2025-08-03","Energy","electricity_grid_kwh","1235","kWh","0","State Grid","Mumbai","Scope 2","Main office electricity 2025-8"
"ext-0038","11111111-1111-1111-1111-111111111111","eeeeeeee-eeee-eeee-eeee-eeeeeeeeeeee","Priya Desai","HR","2025-08-11","Energy","electricity_grid_kwh","594","kWh","0","State Grid","Delhi","Scope 2","Branch office electricity 2025-8"
"ext-0039","11111111-1111-1111-1111-111111111111","bbbbbbbb-bbbb-bbbb-bbbb-bbbbbbbbbbbb","Ravi Kumar","Logistics","2025-08-05","Transport","diesel_liter","302","liter","0","HP Fuel","Pune","Scope 1","Fleet diesel usage month 2025-8"
"ext-0040","11111111-1111-1111-1111-111111111111","jjjjjjjj-jjjj-jjjj-jjjj-jjjjjjjjjjjj","Sanjay Gupta","Operations","2025-08-08","Transport","petrol_liter","107","liter","0","Shell","Mumbai","Scope 1","Pool vehicle petrol month 2025-8"
"ext-0041","11111111-1111-1111-1111-111111111111","ffffffff-ffff-ffff-ffff-ffffffffffff","Nikhil Sharma","Sales","2025-08-15","Transport","flight_km_economy","1660","km","0","IndiGo","Bengaluru","Scope 3","Sales travel route month 2025-8"
"ext-0042","11111111-1111-1111-1111-111111111111","dddddddd-dddd-dddd-dddd-dddddddddddd","Vikram Patel","Logistics","2025-08-20","Transport","rail_km","426","km","0","Indian Railways","Pune","Scope 3","Rail coordination travel month 2025-8"
"ext-0043","11111111-1111-1111-1111-111111111111","cccccccc-cccc-cccc-cccc-cccccccccccc","Anita Shah","Facilities","2025-08-09","Waste","landfill_waste_kg","548","kg","0","City Waste Management","Mumbai","Scope 3","Landfill waste month 2025-8"
"ext-0044","11111111-1111-1111-1111-111111111111","gggggggg-gggg-gggg-gggg-gggggggggggg","Meera Nair","Facilities","2025-08-17","Waste","recycled_waste_kg","396","kg","0","Recycler Co","Bangalore","Scope 3","Recycled stream month 2025-8"
"ext-0045","11111111-1111-1111-1111-111111111111","hhhhhhhh-hhhh-hhhh-hhhh-hhhhhhhhhhhh","Arun Iyer","Finance","2025-08-12","Purchases","purchased_goods_inr","186000","INR","186000","Supplier B","Chennai","Scope 3","Procurement spend month 2025-8"
"ext-0046","11111111-1111-1111-1111-111111111111","iiiiiiii-iiii-iiii-iiii-iiiiiiiiiiii","Divya Verma","Marketing","2025-08-23","Purchases","hotel_night","7","night","0","Hotel Group","Mumbai","Scope 3","Event accommodation month 2025-8"
"ext-0047","11111111-1111-1111-1111-111111111111","aaaaaaaa-aaaa-aaaa-aaaa-aaaaaaaaaaaa","Sarah Chen","Operations","2025-08-25","Purchases","purchased_goods_inr","133500","INR","133500","Supplier A","Mumbai","Scope 3","Operational supplies month 2025-8"
"ext-0048","11111111-1111-1111-1111-111111111111","bbbbbbbb-bbbb-bbbb-bbbb-bbbbbbbbbbbb","Ravi Kumar","Logistics","2025-08-27","Waste","paper_kg","197","kg","0","Paper Vendor","Pune","Scope 3","Paper equivalent month 2025-8"
"ext-0049","11111111-1111-1111-1111-111111111111","aaaaaaaa-aaaa-aaaa-aaaa-aaaaaaaaaaaa","Sarah Chen","Operations","2025-09-03","Energy","electricity_grid_kwh","1280","kWh","0","State Grid","Mumbai","Scope 2","Main office electricity 2025-9"
"ext-0050","11111111-1111-1111-1111-111111111111","eeeeeeee-eeee-eeee-eeee-eeeeeeeeeeee","Priya Desai","HR","2025-09-11","Energy","electricity_grid_kwh","612","kWh","0","State Grid","Delhi","Scope 2","Branch office electricity 2025-9"
"ext-0051","11111111-1111-1111-1111-111111111111","bbbbbbbb-bbbb-bbbb-bbbb-bbbbbbbbbbbb","Ravi Kumar","Logistics","2025-09-05","Transport","diesel_liter","316","liter","0","HP Fuel","Pune","Scope 1","Fleet diesel usage month 2025-9"
"ext-0052","11111111-1111-1111-1111-111111111111","jjjjjjjj-jjjj-jjjj-jjjj-jjjjjjjjjjjj","Sanjay Gupta","Operations","2025-09-08","Transport","petrol_liter","111","liter","0","Shell","Mumbai","Scope 1","Pool vehicle petrol month 2025-9"
"ext-0053","11111111-1111-1111-1111-111111111111","ffffffff-ffff-ffff-ffff-ffffffffffff","Nikhil Sharma","Sales","2025-09-15","Transport","flight_km_economy","1730","km","0","IndiGo","Bengaluru","Scope 3","Sales travel route month 2025-9"
"ext-0054","11111111-1111-1111-1111-111111111111","dddddddd-dddd-dddd-dddd-dddddddddddd","Vikram Patel","Logistics","2025-09-20","Transport","rail_km","448","km","0","Indian Railways","Pune","Scope 3","Rail coordination travel month 2025-9"
"ext-0055","11111111-1111-1111-1111-111111111111","cccccccc-cccc-cccc-cccc-cccccccccccc","Anita Shah","Facilities","2025-09-09","Waste","landfill_waste_kg","564","kg","0","City Waste Management","Mumbai","Scope 3","Landfill waste month 2025-9"
"ext-0056","11111111-1111-1111-1111-111111111111","gggggggg-gggg-gggg-gggg-gggggggggggg","Meera Nair","Facilities","2025-09-17","Waste","recycled_waste_kg","408","kg","0","Recycler Co","Bangalore","Scope 3","Recycled stream month 2025-9"
"ext-0057","11111111-1111-1111-1111-111111111111","hhhhhhhh-hhhh-hhhh-hhhh-hhhhhhhhhhhh","Arun Iyer","Finance","2025-09-12","Purchases","purchased_goods_inr","193000","INR","193000","Supplier B","Chennai","Scope 3","Procurement spend month 2025-9"
"ext-0058","11111111-1111-1111-1111-111111111111","iiiiiiii-iiii-iiii-iiii-iiiiiiiiiiii","Divya Verma","Marketing","2025-09-23","Purchases","hotel_night","7","night","0","Hotel Group","Mumbai","Scope 3","Event accommodation month 2025-9"
"ext-0059","11111111-1111-1111-1111-111111111111","aaaaaaaa-aaaa-aaaa-aaaa-aaaaaaaaaaaa","Sarah Chen","Operations","2025-09-25","Purchases","purchased_goods_inr","138000","INR","138000","Supplier A","Mumbai","Scope 3","Operational supplies month 2025-9"
"ext-0060","11111111-1111-1111-1111-111111111111","bbbbbbbb-bbbb-bbbb-bbbb-bbbbbbbbbbbb","Ravi Kumar","Logistics","2025-09-27","Waste","paper_kg","206","kg","0","Paper Vendor","Pune","Scope 3","Paper equivalent month 2025-9"
"ext-0061","11111111-1111-1111-1111-111111111111","aaaaaaaa-aaaa-aaaa-aaaa-aaaaaaaaaaaa","Sarah Chen","Operations","2025-10-03","Energy","electricity_grid_kwh","1325","kWh","0","State Grid","Mumbai","Scope 2","Main office electricity 2025-10"
"ext-0062","11111111-1111-1111-1111-111111111111","eeeeeeee-eeee-eeee-eeee-eeeeeeeeeeee","Priya Desai","HR","2025-10-11","Energy","electricity_grid_kwh","630","kWh","0","State Grid","Delhi","Scope 2","Branch office electricity 2025-10"
"ext-0063","11111111-1111-1111-1111-111111111111","bbbbbbbb-bbbb-bbbb-bbbb-bbbbbbbbbbbb","Ravi Kumar","Logistics","2025-10-05","Transport","diesel_liter","330","liter","0","HP Fuel","Pune","Scope 1","Fleet diesel usage month 2025-10"
"ext-0064","11111111-1111-1111-1111-111111111111","jjjjjjjj-jjjj-jjjj-jjjj-jjjjjjjjjjjj","Sanjay Gupta","Operations","2025-10-08","Transport","petrol_liter","115","liter","0","Shell","Mumbai","Scope 1","Pool vehicle petrol month 2025-10"
"ext-0065","11111111-1111-1111-1111-111111111111","ffffffff-ffff-ffff-ffff-ffffffffffff","Nikhil Sharma","Sales","2025-10-15","Transport","flight_km_economy","1800","km","0","IndiGo","Bengaluru","Scope 3","Sales travel route month 2025-10"
"ext-0066","11111111-1111-1111-1111-111111111111","dddddddd-dddd-dddd-dddd-dddddddddddd","Vikram Patel","Logistics","2025-10-20","Transport","rail_km","470","km","0","Indian Railways","Pune","Scope 3","Rail coordination travel month 2025-10"
"ext-0067","11111111-1111-1111-1111-111111111111","cccccccc-cccc-cccc-cccc-cccccccccccc","Anita Shah","Facilities","2025-10-09","Waste","landfill_waste_kg","580","kg","0","City Waste Management","Mumbai","Scope 3","Landfill waste month 2025-10"
"ext-0068","11111111-1111-1111-1111-111111111111","gggggggg-gggg-gggg-gggg-gggggggggggg","Meera Nair","Facilities","2025-10-17","Waste","recycled_waste_kg","420","kg","0","Recycler Co","Bangalore","Scope 3","Recycled stream month 2025-10"
"ext-0069","11111111-1111-1111-1111-111111111111","hhhhhhhh-hhhh-hhhh-hhhh-hhhhhhhhhhhh","Arun Iyer","Finance","2025-10-12","Purchases","purchased_goods_inr","200000","INR","200000","Supplier B","Chennai","Scope 3","Procurement spend month 2025-10"
"ext-0070","11111111-1111-1111-1111-111111111111","iiiiiiii-iiii-iiii-iiii-iiiiiiiiiiii","Divya Verma","Marketing","2025-10-23","Purchases","hotel_night","7","night","0","Hotel Group","Mumbai","Scope 3","Event accommodation month 2025-10"
"ext-0071","11111111-1111-1111-1111-111111111111","aaaaaaaa-aaaa-aaaa-aaaa-aaaaaaaaaaaa","Sarah Chen","Operations","2025-10-25","Purchases","purchased_goods_inr","142500","INR","142500","Supplier A","Mumbai","Scope 3","Operational supplies month 2025-10"
"ext-0072","11111111-1111-1111-1111-111111111111","bbbbbbbb-bbbb-bbbb-bbbb-bbbbbbbbbbbb","Ravi Kumar","Logistics","2025-10-27","Waste","paper_kg","215","kg","0","Paper Vendor","Pune","Scope 3","Paper equivalent month 2025-10"
"ext-0073","11111111-1111-1111-1111-111111111111","aaaaaaaa-aaaa-aaaa-aaaa-aaaaaaaaaaaa","Sarah Chen","Operations","2025-11-03","Energy","electricity_grid_kwh","1370","kWh","0","State Grid","Mumbai","Scope 2","Main office electricity 2025-11"
"ext-0074","11111111-1111-1111-1111-111111111111","eeeeeeee-eeee-eeee-eeee-eeeeeeeeeeee","Priya Desai","HR","2025-11-11","Energy","electricity_grid_kwh","648","kWh","0","State Grid","Delhi","Scope 2","Branch office electricity 2025-11"
"ext-0075","11111111-1111-1111-1111-111111111111","bbbbbbbb-bbbb-bbbb-bbbb-bbbbbbbbbbbb","Ravi Kumar","Logistics","2025-11-05","Transport","diesel_liter","344","liter","0","HP Fuel","Pune","Scope 1","Fleet diesel usage month 2025-11"
"ext-0076","11111111-1111-1111-1111-111111111111","jjjjjjjj-jjjj-jjjj-jjjj-jjjjjjjjjjjj","Sanjay Gupta","Operations","2025-11-08","Transport","petrol_liter","119","liter","0","Shell","Mumbai","Scope 1","Pool vehicle petrol month 2025-11"
"ext-0077","11111111-1111-1111-1111-111111111111","ffffffff-ffff-ffff-ffff-ffffffffffff","Nikhil Sharma","Sales","2025-11-15","Transport","flight_km_economy","1870","km","0","IndiGo","Bengaluru","Scope 3","Sales travel route month 2025-11"
"ext-0078","11111111-1111-1111-1111-111111111111","dddddddd-dddd-dddd-dddd-dddddddddddd","Vikram Patel","Logistics","2025-11-20","Transport","rail_km","492","km","0","Indian Railways","Pune","Scope 3","Rail coordination travel month 2025-11"
"ext-0079","11111111-1111-1111-1111-111111111111","cccccccc-cccc-cccc-cccc-cccccccccccc","Anita Shah","Facilities","2025-11-09","Waste","landfill_waste_kg","596","kg","0","City Waste Management","Mumbai","Scope 3","Landfill waste month 2025-11"
"ext-0080","11111111-1111-1111-1111-111111111111","gggggggg-gggg-gggg-gggg-gggggggggggg","Meera Nair","Facilities","2025-11-17","Waste","recycled_waste_kg","432","kg","0","Recycler Co","Bangalore","Scope 3","Recycled stream month 2025-11"
"ext-0081","11111111-1111-1111-1111-111111111111","hhhhhhhh-hhhh-hhhh-hhhh-hhhhhhhhhhhh","Arun Iyer","Finance","2025-11-12","Purchases","purchased_goods_inr","207000","INR","207000","Supplier B","Chennai","Scope 3","Procurement spend month 2025-11"
"ext-0082","11111111-1111-1111-1111-111111111111","iiiiiiii-iiii-iiii-iiii-iiiiiiiiiiii","Divya Verma","Marketing","2025-11-23","Purchases","hotel_night","8","night","0","Hotel Group","Mumbai","Scope 3","Event accommodation month 2025-11"
"ext-0083","11111111-1111-1111-1111-111111111111","aaaaaaaa-aaaa-aaaa-aaaa-aaaaaaaaaaaa","Sarah Chen","Operations","2025-11-25","Purchases","purchased_goods_inr","147000","INR","147000","Supplier A","Mumbai","Scope 3","Operational supplies month 2025-11"
"ext-0084","11111111-1111-1111-1111-111111111111","bbbbbbbb-bbbb-bbbb-bbbb-bbbbbbbbbbbb","Ravi Kumar","Logistics","2025-11-27","Waste","paper_kg","224","kg","0","Paper Vendor","Pune","Scope 3","Paper equivalent month 2025-11"
"ext-0085","11111111-1111-1111-1111-111111111111","aaaaaaaa-aaaa-aaaa-aaaa-aaaaaaaaaaaa","Sarah Chen","Operations","2025-12-03","Energy","electricity_grid_kwh","1415","kWh","0","State Grid","Mumbai","Scope 2","Main office electricity 2025-12"
"ext-0086","11111111-1111-1111-1111-111111111111","eeeeeeee-eeee-eeee-eeee-eeeeeeeeeeee","Priya Desai","HR","2025-12-11","Energy","electricity_grid_kwh","666","kWh","0","State Grid","Delhi","Scope 2","Branch office electricity 2025-12"
"ext-0087","11111111-1111-1111-1111-111111111111","bbbbbbbb-bbbb-bbbb-bbbb-bbbbbbbbbbbb","Ravi Kumar","Logistics","2025-12-05","Transport","diesel_liter","358","liter","0","HP Fuel","Pune","Scope 1","Fleet diesel usage month 2025-12"
"ext-0088","11111111-1111-1111-1111-111111111111","jjjjjjjj-jjjj-jjjj-jjjj-jjjjjjjjjjjj","Sanjay Gupta","Operations","2025-12-08","Transport","petrol_liter","123","liter","0","Shell","Mumbai","Scope 1","Pool vehicle petrol month 2025-12"
"ext-0089","11111111-1111-1111-1111-111111111111","ffffffff-ffff-ffff-ffff-ffffffffffff","Nikhil Sharma","Sales","2025-12-15","Transport","flight_km_economy","1940","km","0","IndiGo","Bengaluru","Scope 3","Sales travel route month 2025-12"
"ext-0090","11111111-1111-1111-1111-111111111111","dddddddd-dddd-dddd-dddd-dddddddddddd","Vikram Patel","Logistics","2025-12-20","Transport","rail_km","514","km","0","Indian Railways","Pune","Scope 3","Rail coordination travel month 2025-12"
"ext-0091","11111111-1111-1111-1111-111111111111","cccccccc-cccc-cccc-cccc-cccccccccccc","Anita Shah","Facilities","2025-12-09","Waste","landfill_waste_kg","612","kg","0","City Waste Management","Mumbai","Scope 3","Landfill waste month 2025-12"
"ext-0092","11111111-1111-1111-1111-111111111111","gggggggg-gggg-gggg-gggg-gggggggggggg","Meera Nair","Facilities","2025-12-17","Waste","recycled_waste_kg","444","kg","0","Recycler Co","Bangalore","Scope 3","Recycled stream month 2025-12"
"ext-0093","11111111-1111-1111-1111-111111111111","hhhhhhhh-hhhh-hhhh-hhhh-hhhhhhhhhhhh","Arun Iyer","Finance","2025-12-12","Purchases","purchased_goods_inr","214000","INR","214000","Supplier B","Chennai","Scope 3","Procurement spend month 2025-12"
"ext-0094","11111111-1111-1111-1111-111111111111","iiiiiiii-iiii-iiii-iiii-iiiiiiiiiiii","Divya Verma","Marketing","2025-12-23","Purchases","hotel_night","9","night","0","Hotel Group","Mumbai","Scope 3","Event accommodation month 2025-12"
"ext-0095","11111111-1111-1111-1111-111111111111","aaaaaaaa-aaaa-aaaa-aaaa-aaaaaaaaaaaa","Sarah Chen","Operations","2025-12-25","Purchases","purchased_goods_inr","151500","INR","151500","Supplier A","Mumbai","Scope 3","Operational supplies month 2025-12"
"ext-0096","11111111-1111-1111-1111-111111111111","bbbbbbbb-bbbb-bbbb-bbbb-bbbbbbbbbbbb","Ravi Kumar","Logistics","2025-12-27","Waste","paper_kg","233","kg","0","Paper Vendor","Pune","Scope 3","Paper equivalent month 2025-12"
"ext-0097","11111111-1111-1111-1111-111111111111","aaaaaaaa-aaaa-aaaa-aaaa-aaaaaaaaaaaa","Sarah Chen","Operations","2026-01-03","Energy","electricity_grid_kwh","1460","kWh","0","State Grid","Mumbai","Scope 2","Main office electricity 2026-1"
"ext-0098","11111111-1111-1111-1111-111111111111","eeeeeeee-eeee-eeee-eeee-eeeeeeeeeeee","Priya Desai","HR","2026-01-11","Energy","electricity_grid_kwh","684","kWh","0","State Grid","Delhi","Scope 2","Branch office electricity 2026-1"
"ext-0099","11111111-1111-1111-1111-111111111111","bbbbbbbb-bbbb-bbbb-bbbb-bbbbbbbbbbbb","Ravi Kumar","Logistics","2026-01-05","Transport","diesel_liter","372","liter","0","HP Fuel","Pune","Scope 1","Fleet diesel usage month 2026-1"
"ext-0100","11111111-1111-1111-1111-111111111111","jjjjjjjj-jjjj-jjjj-jjjj-jjjjjjjjjjjj","Sanjay Gupta","Operations","2026-01-08","Transport","petrol_liter","127","liter","0","Shell","Mumbai","Scope 1","Pool vehicle petrol month 2026-1"
"ext-0101","11111111-1111-1111-1111-111111111111","ffffffff-ffff-ffff-ffff-ffffffffffff","Nikhil Sharma","Sales","2026-01-15","Transport","flight_km_economy","2010","km","0","IndiGo","Bengaluru","Scope 3","Sales travel route month 2026-1"
"ext-0102","11111111-1111-1111-1111-111111111111","dddddddd-dddd-dddd-dddd-dddddddddddd","Vikram Patel","Logistics","2026-01-20","Transport","rail_km","536","km","0","Indian Railways","Pune","Scope 3","Rail coordination travel month 2026-1"
"ext-0103","11111111-1111-1111-1111-111111111111","cccccccc-cccc-cccc-cccc-cccccccccccc","Anita Shah","Facilities","2026-01-09","Waste","landfill_waste_kg","628","kg","0","City Waste Management","Mumbai","Scope 3","Landfill waste month 2026-1"
"ext-0104","11111111-1111-1111-1111-111111111111","gggggggg-gggg-gggg-gggg-gggggggggggg","Meera Nair","Facilities","2026-01-17","Waste","recycled_waste_kg","456","kg","0","Recycler Co","Bangalore","Scope 3","Recycled stream month 2026-1"
"ext-0105","11111111-1111-1111-1111-111111111111","hhhhhhhh-hhhh-hhhh-hhhh-hhhhhhhhhhhh","Arun Iyer","Finance","2026-01-12","Purchases","purchased_goods_inr","221000","INR","221000","Supplier B","Chennai","Scope 3","Procurement spend month 2026-1"
"ext-0106","11111111-1111-1111-1111-111111111111","iiiiiiii-iiii-iiii-iiii-iiiiiiiiiiii","Divya Verma","Marketing","2026-01-23","Purchases","hotel_night","9","night","0","Hotel Group","Mumbai","Scope 3","Event accommodation month 2026-1"
"ext-0107","11111111-1111-1111-1111-111111111111","aaaaaaaa-aaaa-aaaa-aaaa-aaaaaaaaaaaa","Sarah Chen","Operations","2026-01-25","Purchases","purchased_goods_inr","156000","INR","156000","Supplier A","Mumbai","Scope 3","Operational supplies month 2026-1"
"ext-0108","11111111-1111-1111-1111-111111111111","bbbbbbbb-bbbb-bbbb-bbbb-bbbbbbbbbbbb","Ravi Kumar","Logistics","2026-01-27","Waste","paper_kg","242","kg","0","Paper Vendor","Pune","Scope 3","Paper equivalent month 2026-1"
"ext-0109","11111111-1111-1111-1111-111111111111","aaaaaaaa-aaaa-aaaa-aaaa-aaaaaaaaaaaa","Sarah Chen","Operations","2026-02-03","Energy","electricity_grid_kwh","1505","kWh","0","State Grid","Mumbai","Scope 2","Main office electricity 2026-2"
"ext-0110","11111111-1111-1111-1111-111111111111","eeeeeeee-eeee-eeee-eeee-eeeeeeeeeeee","Priya Desai","HR","2026-02-11","Energy","electricity_grid_kwh","702","kWh","0","State Grid","Delhi","Scope 2","Branch office electricity 2026-2"
"ext-0111","11111111-1111-1111-1111-111111111111","bbbbbbbb-bbbb-bbbb-bbbb-bbbbbbbbbbbb","Ravi Kumar","Logistics","2026-02-05","Transport","diesel_liter","386","liter","0","HP Fuel","Pune","Scope 1","Fleet diesel usage month 2026-2"
"ext-0112","11111111-1111-1111-1111-111111111111","jjjjjjjj-jjjj-jjjj-jjjj-jjjjjjjjjjjj","Sanjay Gupta","Operations","2026-02-08","Transport","petrol_liter","131","liter","0","Shell","Mumbai","Scope 1","Pool vehicle petrol month 2026-2"
"ext-0113","11111111-1111-1111-1111-111111111111","ffffffff-ffff-ffff-ffff-ffffffffffff","Nikhil Sharma","Sales","2026-02-15","Transport","flight_km_economy","2080","km","0","IndiGo","Bengaluru","Scope 3","Sales travel route month 2026-2"
"ext-0114","11111111-1111-1111-1111-111111111111","dddddddd-dddd-dddd-dddd-dddddddddddd","Vikram Patel","Logistics","2026-02-20","Transport","rail_km","558","km","0","Indian Railways","Pune","Scope 3","Rail coordination travel month 2026-2"
"ext-0115","11111111-1111-1111-1111-111111111111","cccccccc-cccc-cccc-cccc-cccccccccccc","Anita Shah","Facilities","2026-02-09","Waste","landfill_waste_kg","644","kg","0","City Waste Management","Mumbai","Scope 3","Landfill waste month 2026-2"
"ext-0116","11111111-1111-1111-1111-111111111111","gggggggg-gggg-gggg-gggg-gggggggggggg","Meera Nair","Facilities","2026-02-17","Waste","recycled_waste_kg","468","kg","0","Recycler Co","Bangalore","Scope 3","Recycled stream month 2026-2"
"ext-0117","11111111-1111-1111-1111-111111111111","hhhhhhhh-hhhh-hhhh-hhhh-hhhhhhhhhhhh","Arun Iyer","Finance","2026-02-12","Purchases","purchased_goods_inr","228000","INR","228000","Supplier B","Chennai","Scope 3","Procurement spend month 2026-2"
"ext-0118","11111111-1111-1111-1111-111111111111","iiiiiiii-iiii-iiii-iiii-iiiiiiiiiiii","Divya Verma","Marketing","2026-02-23","Purchases","hotel_night","9","night","0","Hotel Group","Mumbai","Scope 3","Event accommodation month 2026-2"
"ext-0119","11111111-1111-1111-1111-111111111111","aaaaaaaa-aaaa-aaaa-aaaa-aaaaaaaaaaaa","Sarah Chen","Operations","2026-02-25","Purchases","purchased_goods_inr","160500","INR","160500","Supplier A","Mumbai","Scope 3","Operational supplies month 2026-2"
"ext-0120","11111111-1111-1111-1111-111111111111","bbbbbbbb-bbbb-bbbb-bbbb-bbbbbbbbbbbb","Ravi Kumar","Logistics","2026-02-27","Waste","paper_kg","251","kg","0","Paper Vendor","Pune","Scope 3","Paper equivalent month 2026-2"
