source,row_origin,dataset_version,observation_date,species_name,species_id,region,state_code,planted_count,actual_alive_count,actual_dead_count,survival_ratio,ground_truth_observed_survival,years_tracked,drought_score,fire_score,growth_rate_class,disease_score,climate_zone,wood_density_gcm3,tree_age_years,management_score,region_drought_risk,region_fire_risk,region_disease_risk,species_drought_tolerance,species_growth_form,soil_ph,soil_organic_carbon_pct,soil_clay_pct,annual_rainfall_mm,tmax_mean_c,vpd_mean_hpa,planting_month,ndvi_at_planting,surrounding_landuse,elevation_m
real_anchor_raw_India,real,teme_survival_v4,,unknown,unknown,Sikkim,Sikkim,500,150,350,0.3,0.3,,2.0,2.0,4.0,5.0,Unknown_India,,,,,,,,,,,,,,,,,,
real_anchor_raw_India,real,teme_survival_v4,,unknown,unknown,Sikkim,Sikkim,500,200,300,0.4,0.4,,2.0,2.0,3.0,5.0,Unknown_India,,,,,,,,,,,,,,,,,,
real_anchor_raw_India,real,teme_survival_v4,,unknown,unknown,Sikkim,Sikkim,3500,2000,1500,0.5714285714285714,0.5714285714285714,,2.0,2.0,2.0,5.0,Unknown_India,,,,,,,,,,,,,,,,,,
real_anchor_raw_India,real,teme_survival_v4,,unknown,unknown,Sikkim,Sikkim,500,150,350,0.3,0.3,,2.0,2.0,5.0,5.0,Unknown_India,,,,,,,,,,,,,,,,,,
real_anchor_raw_India,real,teme_survival_v4,,unknown,unknown,Sikkim,Sikkim,500,150,350,0.3,0.3,,2.0,2.0,4.0,5.0,Unknown_India,,,,,,,,,,,,,,,,,,
real_anchor_raw_India,real,teme_survival_v4,,unknown,unknown,Sikkim,Sikkim,500,150,350,0.3,0.3,,2.0,2.0,3.0,5.0,Unknown_India,,,,,,,,,,,,,,,,,,
real_anchor_raw_India,real,teme_survival_v4,,unknown,unknown,Sikkim,Sikkim,500,200,300,0.4,0.4,,2.0,2.0,2.0,5.0,Unknown_India,,,,,,,,,,,,,,,,,,
real_anchor_raw_India,real,teme_survival_v4,,unknown,unknown,Sikkim,Sikkim,1500,500,1000,0.3333333333333333,0.3333333333333333,,2.0,2.0,5.0,5.0,Unknown_India,,,,,,,,,,,,,,,,,,
real_anchor_raw_India,real,teme_survival_v4,,unknown,unknown,Sikkim,Sikkim,2200,1500,700,0.6818181818181818,0.6818181818181818,,2.0,2.0,7.0,5.0,Unknown_India,,,,,,,,,,,,,,,,,,
real_anchor_raw_India,real,teme_survival_v4,,unknown,unknown,Sikkim,Sikkim,4000,2500,1500,0.625,0.625,,2.0,2.0,4.0,5.0,Unknown_India,,,,,,,,,,,,,,,,,,
real_anchor_raw_India,real,teme_survival_v4,,unknown,unknown,Sikkim,Sikkim,800,200,600,0.25,0.25,,2.0,2.0,6.0,5.0,Unknown_India,,,,,,,,,,,,,,,,,,
real_anchor_raw_India,real,teme_survival_v4,,unknown,unknown,Sikkim,Sikkim,2600,500,2100,0.19230769230769232,0.19230769230769232,,2.0,2.0,6.0,5.0,Unknown_India,,,,,,,,,,,,,,,,,,
real_anchor_raw_India,real,teme_survival_v4,,unknown,unknown,Punjab,Punjab,2500,2500,0,1.0,1.0,,6.0,4.0,2.0,5.0,Unknown_India,,,,,,,,,,,,,,,,,,
real_anchor_raw_India,real,teme_survival_v4,,unknown,unknown,Punjab,Punjab,3500,3500,0,1.0,1.0,,6.0,4.0,2.0,5.0,Unknown_India,,,,,,,,,,,,,,,,,,
real_anchor_raw_India,real,teme_survival_v4,,unknown,unknown,Punjab,Punjab,4000,4000,0,1.0,1.0,,6.0,4.0,2.0,5.0,Unknown_India,,,,,,,,,,,,,,,,,,
real_anchor_raw_India,real,teme_survival_v4,,unknown,unknown,Rajasthan,Rajasthan,10000,6500,3500,0.65,0.65,,8.0,6.0,6.0,5.0,Unknown_India,,,,,,,,,,,,,,,,,,
real_anchor_raw_India,real,teme_survival_v4,,unknown,unknown,Rajasthan,Rajasthan,10000,7000,3000,0.7,0.7,,8.0,6.0,6.0,5.0,Unknown_India,,,,,,,,,,,,,,,,,,
real_anchor_raw_India,real,teme_survival_v4,,unknown,unknown,Rajasthan,Rajasthan,10000,7000,3000,0.7,0.7,,8.0,6.0,5.0,5.0,Unknown_India,,,,,,,,,,,,,,,,,,
real_anchor_raw_India,real,teme_survival_v4,,unknown,unknown,Rajasthan,Rajasthan,10000,7000,3000,0.7,0.7,,8.0,6.0,5.0,5.0,Unknown_India,,,,,,,,,,,,,,,,,,
real_anchor_raw_India,real,teme_survival_v4,,unknown,unknown,Rajasthan,Rajasthan,10000,7000,3000,0.7,0.7,,8.0,6.0,5.0,5.0,Unknown_India,,,,,,,,,,,,,,,,,,
real_anchor_raw_India,real,teme_survival_v4,,unknown,unknown,Rajasthan,Rajasthan,10000,7000,3000,0.7,0.7,,8.0,6.0,4.0,5.0,Unknown_India,,,,,,,,,,,,,,,,,,
real_anchor_raw_India,real,teme_survival_v4,,unknown,unknown,Rajasthan,Rajasthan,10000,7000,3000,0.7,0.7,,8.0,6.0,4.0,5.0,Unknown_India,,,,,,,,,,,,,,,,,,
real_anchor_raw_India,real,teme_survival_v4,,unknown,unknown,Rajasthan,Rajasthan,10000,7500,2500,0.75,0.75,,8.0,6.0,5.0,5.0,Unknown_India,,,,,,,,,,,,,,,,,,
real_anchor_raw_India,real,teme_survival_v4,,unknown,unknown,Rajasthan,Rajasthan,10000,7500,2500,0.75,0.75,,8.0,6.0,4.0,5.0,Unknown_India,,,,,,,,,,,,,,,,,,
real_anchor_raw_India,real,teme_survival_v4,,unknown,unknown,Rajasthan,Rajasthan,10000,7500,2500,0.75,0.75,,8.0,6.0,4.0,5.0,Unknown_India,,,,,,,,,,,,,,,,,,
real_anchor_raw_India,real,teme_survival_v4,,unknown,unknown,Uttar Pradesh,Uttar Pradesh,10,5,5,0.5,0.5,,5.0,3.0,1.0,5.0,Unknown_India,,,,,,,,,,,,,,,,,,
